Name,Company Name,Certificate,Certifier1,CertifierPosition1,Certifier2,CertifierPosition2,Date
Adonis Abel,GlobalCert,Participation,Ahmed Mawia,Chief Technical Officer,Rohan Mathur,Chief Executive Officer,10/10/2020
Andre Emanuel,GlobalCert,Participation,Ahmed Mawia,Chief Technical Officer,Rohan Mathur,Chief Executive Officer,10/10/2020
Luciano Marlon,GlobalCert,Participation,Ahmed Mawia,Chief Technical Officer,Rohan Mathur,Chief Executive Officer,10/10/2020
Bryant Gael,GlobalCert,Participation,Ahmed Mawia,Chief Technical Officer,Rohan Mathur,Chief Executive Officer,10/10/2020
Cason Braeden,GlobalCert,Participation,Ahmed Mawia,Chief Technical Officer,Rohan Mathur,Chief Executive Officer,10/10/2020
Graham Antonio,GlobalCert,Participation,Ahmed Mawia,Chief Technical Officer,Rohan Mathur,Chief Executive Officer,10/10/2020
Alfonse Ivor,GlobalCert,Participation,Ahmed Mawia,Chief Technical Officer,Rohan Mathur,Chief Executive Officer,10/10/2020
Clint Anthony,GlobalCert,Participation,Ahmed Mawia,Chief Technical Officer,Rohan Mathur,Chief Executive Officer,10/10/2020
Adrian Gunnar,GlobalCert,Participation,Ahmed Mawia,Chief Technical Officer,Rohan Mathur,Chief Executive Officer,10/10/2020
Bryson Vasco,GlobalCert,Participation,Ahmed Mawia,Chief Technical Officer,Rohan Mathur,Chief Executive Officer,10/10/2020
Oli Ravi,GlobalCert,Participation,Ahmed Mawia,Chief Technical Officer,Rohan Mathur,Chief Executive Officer,10/10/2020
Murray Oscar,GlobalCert,Participation,Ahmed Mawia,Chief Technical Officer,Rohan Mathur,Chief Executive Officer,10/10/2020
Maddox Sandeep,GlobalCert,Participation,Ahmed Mawia,Chief Technical Officer,Rohan Mathur,Chief Executive Officer,10/10/2020
Carlos Nikolai,GlobalCert,Participation,Ahmed Mawia,Chief Technical Officer,Rohan Mathur,Chief Executive Officer,10/10/2020
Wolf Eddy,GlobalCert,Participation,Ahmed Mawia,Chief Technical Officer,Rohan Mathur,Chief Executive Officer,10/10/2020
Ashby Graham,GlobalCert,Participation,Ahmed Mawia,Chief Technical Officer,Rohan Mathur,Chief Executive Officer,10/10/2020
Irwin Addison,GlobalCert,Participation,Ahmed Mawia,Chief Technical Officer,Rohan Mathur,Chief Executive Officer,10/10/2020
Gage Kale,GlobalCert,Participation,Ahmed Mawia,Chief Technical Officer,Rohan Mathur,Chief Executive Officer,10/10/2020
Andreas Virgil,GlobalCert,Participation,Ahmed Mawia,Chief Technical Officer,Rohan Mathur,Chief Executive Officer,10/10/2020
Joey Benedict,GlobalCert,Participation,Ahmed Mawia,Chief Technical Officer,Rohan Mathur,Chief Executive Officer,10/10/2020
Euen Leroy,GlobalCert,Participation,Ahmed Mawia,Chief Technical Officer,Rohan Mathur,Chief Executive Officer,10/10/2020
Tadhg Marco,GlobalCert,Participation,Ahmed Mawia,Chief Technical Officer,Rohan Mathur,Chief Executive Officer,10/10/2020
Gabe Shay,GlobalCert,Participation,Ahmed Mawia,Chief Technical Officer,Rohan Mathur,Chief Executive Officer,10/10/2020
Caesar Oisin,GlobalCert,Participation,Ahmed Mawia,Chief Technical Officer,Rohan Mathur,Chief Executive Officer,10/10/2020
Leonardo Brydon,GlobalCert,Participation,Ahmed Mawia,Chief Technical Officer,Rohan Mathur,Chief Executive Officer,10/10/2020
Noel Arun,GlobalCert,Participation,Ahmed Mawia,Chief Technical Officer,Rohan Mathur,Chief Executive Officer,10/10/2020
Clay Micah,GlobalCert,Participation,Ahmed Mawia,Chief Technical Officer,Rohan Mathur,Chief Executive Officer,10/10/2020
Felipe Royce,GlobalCert,Participation,Ahmed Mawia,Chief Technical Officer,Rohan Mathur,Chief Executive Officer,10/10/2020
Edmund Asad,GlobalCert,Participation,Ahmed Mawia,Chief Technical Officer,Rohan Mathur,Chief Executive Officer,10/10/2020
Allen Kyler,GlobalCert,Participation,Ahmed Mawia,Chief Technical Officer,Rohan Mathur,Chief Executive Officer,10/10/2020
Terrance Hal,GlobalCert,Participation,Ahmed Mawia,Chief Technical Officer,Rohan Mathur,Chief Executive Officer,10/10/2020
Jake Butch,GlobalCert,Participation,Ahmed Mawia,Chief Technical Officer,Rohan Mathur,Chief Executive Officer,10/10/2020
Diego Kayson,GlobalCert,Participation,Ahmed Mawia,Chief Technical Officer,Rohan Mathur,Chief Executive Officer,10/10/2020
Wendell Martyn,GlobalCert,Participation,Ahmed Mawia,Chief Technical Officer,Rohan Mathur,Chief Executive Officer,10/10/2020
Caelan Lennie,GlobalCert,Participation,Ahmed Mawia,Chief Technical Officer,Rohan Mathur,Chief Executive Officer,10/10/2020
Randy Leslie,GlobalCert,Participation,Ahmed Mawia,Chief Technical Officer,Rohan Mathur,Chief Executive Officer,10/10/2020
Darryn Tarquin,GlobalCert,Participation,Ahmed Mawia,Chief Technical Officer,Rohan Mathur,Chief Executive Officer,10/10/2020
Vince Bernardo,GlobalCert,Participation,Ahmed Mawia,Chief Technical Officer,Rohan Mathur,Chief Executive Officer,10/10/2020
Warren Tony,GlobalCert,Participation,Ahmed Mawia,Chief Technical Officer,Rohan Mathur,Chief Executive Officer,10/10/2020
Sawyer Adan,GlobalCert,Participation,Ahmed Mawia,Chief Technical Officer,Rohan Mathur,Chief Executive Officer,10/10/2020
Cedric Raiden,GlobalCert,Participation,Ahmed Mawia,Chief Technical Officer,Rohan Mathur,Chief Executive Officer,10/10/2020
Jaret Eli,GlobalCert,Participation,Ahmed Mawia,Chief Technical Officer,Rohan Mathur,Chief Executive Officer,10/10/2020
Thomas Baxter,GlobalCert,Participation,Ahmed Mawia,Chief Technical Officer,Rohan Mathur,Chief Executive Officer,10/10/2020
Dillon Teague,GlobalCert,Participation,Ahmed Mawia,Chief Technical Officer,Rohan Mathur,Chief Executive Officer,10/10/2020
Arun Milo,GlobalCert,Participation,Ahmed Mawia,Chief Technical Officer,Rohan Mathur,Chief Executive Officer,10/10/2020
Rubin Ace,GlobalCert,Participation,Ahmed Mawia,Chief Technical Officer,Rohan Mathur,Chief Executive Officer,10/10/2020
Sebastien Otto,GlobalCert,Participation,Ahmed Mawia,Chief Technical Officer,Rohan Mathur,Chief Executive Officer,10/10/2020
Hudson Ethen,GlobalCert,Participation,Ahmed Mawia,Chief Technical Officer,Rohan Mathur,Chief Executive Officer,10/10/2020
Jackie Bay,GlobalCert,Participation,Ahmed Mawia,Chief Technical Officer,Rohan Mathur,Chief Executive Officer,10/10/2020
Dilan Jarrod,GlobalCert,Participation,Ahmed Mawia,Chief Technical Officer,Rohan Mathur,Chief Executive Officer,10/10/2020
